{
  "timestamp": "2025-09-11T09:32:05.641061",
  "sequential_execution": {
    "avg_time_ms": 287.15453147888184,
    "min_time_ms": 277.07815170288086,
    "max_time_ms": 293.64824295043945,
    "method": "sequential"
  },
  "concurrent_execution": {
    "avg_time_ms": 28.368520736694336,
    "min_time_ms": 22.45020866394043,
    "max_time_ms": 35.72249412536621,
    "method": "concurrent"
  },
  "api_batching": {
    "individual_time_ms": 344.6033000946045,
    "batch_time_ms": 83.54568481445312,
    "improvement_percent": 75.75598237407559,
    "efficiency_ratio": 4.1247288936578235
  },
  "performance_analysis": {
    "coordination_improvement_percent": 90.12081732069737,
    "api_batching_improvement_percent": 75.75598237407559,
    "coordination_target_achieved": true,
    "batching_target_achieved": true,
    "performance_grade": "A (Excellent)"
  },
  "success": true
}